rank,uri,artist_names,track_name,source,peak_rank,previous_rank,days_on_chart,streams
1,"spotify:track:6PqRRt5BCxO6tay5Nry0dj","Jul, SCH","Mother Fuck","D'Or et de Platine",1,1,5,"263663"
2,"spotify:track:717QGTmZdkemDaCo1vQHG0","13 Organisé, SCH, Kofs, Jul, Naps, Soso Maness, Elams, Solda, Houari","Bande organisée","Rien 100 Rien",1,3,123,"248227"
3,"spotify:track:3F1P0QzdXtBz0MXy7KIO5w","Dua Lipa, Angèle","Fever","Warner Records",1,2,47,"246569"
4,"spotify:track:1J4oMIhWDUd9cI1urhEyjl","Naza, Niska","Joli bébé","Capricarolesque",2,5,96,"187717"
5,"spotify:track:2SYYB9pwxbYJducVc2xGWD","Eva","Cœur noir","Universal Music Distribution Deal",5,6,12,"176366"
6,"spotify:track:70pkwEEG7nDTXBFqoGQkH0","Koba LaD, Maes, Zed","Coffre plein","Universal Music Division Capitol Music France",2,9,55,"173058"
7,"spotify:track:0lit1XQsSQe7LKnzL6VMaF","Zola, SCH","9 1 1 3 (feat. SCH)","AWA",1,7,26,"169432"
8,"spotify:track:1HDqaIxeJ70BTHgZWEuaeT","Dadju, Tiakola","Dieu merci","Universal Music Division Capitol Music France",6,10,68,"162203"
9,"spotify:track:4Q7FNGrWglfCRDeSGifLiz","Djadja & Dinaz","Perdu","Carré music",4,4,6,"152589"
10,"spotify:track:7iZVBT6LV32t4l00p73VAw","Aya Nakamura, Stormzy","Plus Jamais (feat. Stormzy)","Rec. 118",1,11,33,"149620"
11,"spotify:track:66tNDqYNR2S6Svwgm3BMi9","OBOY","Cabeza","Syndicate Records",3,12,166,"143820"
12,"spotify:track:3tjFYV6RSFtuktYl3ZtYcq","24kGoldn, iann dior","Mood (feat. iann dior)","Records/Columbia",3,13,113,"141866"
13,"spotify:track:4MzXwWMhyBbmu6hOcLVD49","Bad Bunny, Jhay Cortez","DÁKITI","Rimas Entertainment LLC",13,16,42,"140531"
14,"spotify:track:7hxHWCCAIIxFLCzvDgnQHX","Internet Money, Gunna, Don Toliver, NAV","Lemonade (feat. Gunna, Don Toliver & NAV)","Internet Money Records/ TenThousand Projects",7,14,100,"139734"
15,"spotify:track:0i5GJckWb9uCZU4jcGoBca","Ninho","Tout en Gucci","Rec. 118",5,15,47,"139650"
16,"spotify:track:3KW4lmROWaAg0sQlBHRzW7","JSX, Booba","POMPEII","LA PIRATERIE MUSIC",7,8,12,"131787"
17,"spotify:track:0jUBH6aktBM2KCNnEZfBWJ","Bosh","Slide","Arista France",11,17,54,"125264"
18,"spotify:track:12GV2Wr4p1hBWQCrQcVsew","PLK, Hamza","Pilote (feat. Hamza)","Panenka Music",5,18,111,"124517"
19,"spotify:track:0qARyMVNjA6q1uxxO3nofB","UZI","À la fête","SportBack Records",5,20,168,"123611"
20,"spotify:track:7xISE22N518t5HLsibFvEC","Dinos, Nekfeu","Moins un","Universal Music Distribution Deal",1,21,19,"116739"
21,"spotify:track:4Z9CNGHElj2rLkB8mQdvnA","Leto, Ninho","Macaroni (feat. Ninho)","Rec. 118",2,23,111,"110291"
22,"spotify:track:5Re3VKVOVnEhUi2TF56dMz","GIMS","JUSQU'ICI TOUT VA BIEN","Play Two",13,19,40,"109278"
23,"spotify:track:1tkg4EHVoqnhR6iFEXb60y","Pop Smoke","What You Know Bout Love","Victor Victor Worldwide",13,24,86,"106801"
24,"spotify:track:2g63GxCZUmhsr4XoKR93F6","Hatik, Jok'air","La meilleure","Universal Music Distribution Deal",12,26,261,"104698"
25,"spotify:track:70APCdHsWV5BEsacwjzXmd","Dadju","Amour toxic","Universal Music Division Capitol Music France",14,25,82,"104150"
26,"spotify:track:1FP9s72rDYty6mfoOEYKnE","Robin Schulz, KIDDO","All We Got (feat. KIDDO)","WM Germany",26,27,46,"101151"
27,"spotify:track:5vGLcdRuSbUhD8ScwsGSdA","CJ","Whoopty","CJ Music Group/T-Series",27,28,23,"100763"
28,"spotify:track:0VjIjW4GlUZAMYd2vXMi3b","The Weeknd","Blinding Lights","Republic Records",1,31,383,"99935"
29,"spotify:track:6ab3CQvDlAVttThZucwGQ1","Hatik","Angela","Universal Music Distribution Deal",1,30,273,"99347"
30,"spotify:track:7IJIj326qJJA6oi6EpFCBD","Franglish, Tory Lanez","My Salsa","Universal Music Division Capitol Music France",5,32,187,"94505"
31,"spotify:track:7JEfZ2u86r7ihWYU9wJIHo","Carbozo, Timal","Tir du Brazil","Arista France",25,29,5,"92521"
32,"spotify:track:6zFMeegAMYQo0mt8rXtrli","Lil Nas X","HOLIDAY","Columbia",32,34,29,"91346"
33,"spotify:track:6i7zAdNhzUN2k1HcrBxPHG","Ofenbach, Quarterhead, Norma Jean Martine","Head Shoulders Knees & Toes (feat. Norma Jean Martine)","Elektra France",12,33,194,"90159"
34,"spotify:track:6OYRUnXFnD7nbtLQvRidh7","Landy, Niska","Millions d'euros","109 Record",17,22,21,"88537"
35,"spotify:track:0LU7THzZmFI0k5Z9Upxbto","Lacrim, Maes","Boston George","Universal Music Distribution Deal",3,36,61,"88220"
36,"spotify:track:0W4MOQ2kTOm1y7ooahgQP1","Dadju, Ninho","Grand bain","Universal Music Division Capitol Music France",1,39,180,"87481"
37,"spotify:track:20McUFi8KCIVdNDLrkTDuZ","HVME","Goosebumps","Columbia/B1 Recordings",27,40,97,"87074"
38,"spotify:track:35mvY5S1H3J2QZyna3TFe0","Ariana Grande","positions","Republic Records",12,37,54,"86861"
39,"spotify:track:5HEtuK03ygUzqca6yfgOYZ","Ninho","Lettre à une femme","Rec. 118 / Mal Luné Music",1,41,284,"85911"
40,"spotify:track:0bYg9bo50gSsH3LtXe2SQn","Mariah Carey","All I Want for Christmas Is You","Columbia",1,42,119,"85554"
41,"spotify:track:2diEeH1DjfrYGRlXENLkdY","Vald","Gotaga","Echelon Records",2,46,19,"85201"
42,"spotify:track:2twcZTB1udOEzDCPpTiOju","Grand Corps Malade, Camille Lellouche","Mais je t'aime","Anouche Productions",22,43,179,"84895"
43,"spotify:track:5wXkbtZO1HsOQ1P75zi35p","Vianney","beau-papa","Tôt Ou Tard",31,44,55,"84563"
44,"spotify:track:3Zsj22CbiGQkazan568HQL","Heuss L'enfoiré, Vald","Matrixé","150 Productions / Echelon Records",29,38,13,"84269"
45,"spotify:track:5cpJFiNwYyWwFLH0V6B3N8","Ozuna, Doja Cat, Sia","Del Mar","Aura Music Corp.",42,49,74,"82591"
46,"spotify:track:4saklk6nie3yiGePpBwUoc","BTS","Dynamite","BIGHIT MUSIC",24,45,117,"82528"
47,"spotify:track:51Of5p3lKZeOg6itfs4og4","twocolors","Lovefool","Virgin",47,51,145,"75609"
48,"spotify:track:7zF8R12fP9fX4b11arc1FP","OBOY","Cruel","Syndicate Records",25,52,40,"73678"
49,"spotify:track:0KBwGCY9RYD9t2zjeW4h48","Bosh","Djomb - Bien ou quoi","Arista France",1,54,242,"73424"
50,"spotify:track:0Jh6iWjna1wk5le0Ahn7No","Ninho","La vie qu'on mène","Rec. 118 / Mal Luné Music",2,58,635,"73162"
51,"spotify:track:0lt5ZjqJkyTMLESJfZRxzl","Heuss L'enfoiré, Vald","Guccissima","150 Productions / Echelon Records",20,53,13,"71705"
52,"spotify:track:45bE4HXI0AwGZXfZtMp8JR","Tate McRae","you broke me first","RCA Records Label",36,56,110,"71466"
53,"spotify:track:5nujrmhLynf4yMoMtj8AQF","Dua Lipa, DaBaby","Levitating (feat. DaBaby)","Warner Records",53,61,46,"70650"
54,"spotify:track:1rgnBhdG2JDFTbYkYRZAku","Tones And I","Dance Monkey","Elektra (NEK)",2,57,490,"70445"
55,"spotify:track:7uCLrBdy5FH6T7vcJzqRd7","Amel Bent, Hatik","1,2,3","Universal Music Division Capitol Music France",55,69,47,"69543"
56,"spotify:track:2MbgQKWhoii8bqsMBWWWgA","Sia","Courage to Change","Atlantic Records",56,71,24,"69236"
57,"spotify:track:2chIkORxBLpPVgruGiMY8k","Damso","911","Trente-quatre Centimes",6,59,90,"69024"
58,"spotify:track:0PvFJmanyNQMseIFrU708S","Pop Smoke, Lil Baby, DaBaby","For The Night (feat. Lil Baby & DaBaby)","Victor Victor Worldwide",20,62,166,"68899"
59,"spotify:track:50Td3qilgs8BLtv8mHyT1t","Zoe Wees","Control","Virgin Music UK LAS (S&D)",25,65,107,"68182"
60,"spotify:track:7BO3y8lmogACezwHqZ1HTB","Damso, Hamza","BXL ZOO","Trente-quatre Centimes",1,66,90,"67783"
61,"spotify:track:7vdq8RlxxuhB1GFIN9FIlI","Lucenzo","No Me Ama","Play Two",28,67,118,"67576"
62,"spotify:track:54bFM56PmE4YLRnqpW6Tha","Billie Eilish","Therefore I Am","Darkroom/Interscope Records",30,60,33,"67492"
63,"spotify:track:6S5zBMqjRM4Ysr8hsV7G1Z","Koba LaD, Vald","Pas de reine","Universal Music Division Capitol Music France",3,63,50,"67014"
64,"spotify:track:27u7t9d7ZQoyjsCROHuZJ3","Clean Bandit, Mabel, 24kGoldn","Tick Tock (feat. 24kGoldn)","Atlantic Records UK",61,70,83,"66845"
65,"spotify:track:1My8oKezaFe1yuwowQKHuy","Tom Gregory","Rather Be You","B1 Recordings",60,73,65,"65977"
66,"spotify:track:3V6NCwBywAwpAlAyGL7h0p","Aya Nakamura","Doudou","Rec. 118",5,68,68,"65757"
67,"spotify:track:07pzk5h8p2qRowPZb3YBKC","Bolémvn, Maes","10K","Universal Music Division Capitol Music France",6,72,201,"63627"
68,"spotify:track:1Lulg5ZiMEXy3QNwb1PB8I","Ninho","Zipette","Rec. 118 / Mal Luné Music",3,77,284,"62610"
69,"spotify:track:65RWVU6N81CeH65nu52K1U","Aya Nakamura","Jolie nana","Rec. 118",1,78,153,"62483"
70,"spotify:track:216QmkNpU3hIjeZtGocb9B","PLK, Niska","On sait jamais (feat. Niska)","Panenka Music",2,76,111,"62076"
71,"spotify:track:59qrUpoplZxbIZxk6X0Bm3","Jason Derulo","Take You Dancing","Atlantic Records",36,75,118,"61811"
72,"spotify:track:5t9FzMhwLDAkq9H8Pa0WNh","Tayc","N'y pense plus","Play Two",12,55,180,"61548"
73,"spotify:track:0BD9boQC7jUTWkAoib4Z0d","Soolking, Dadju","Meleğim","Universal Music Division Capitol Music France",2,88,313,"61476"
74,"spotify:track:5GyyPRvEwdI4wJSUbzxHQv","Maes, Booba","Blanche","Universal Music Division Capitol Music France",1,80,335,"61231"
75,"spotify:track:6cx06DFPPHchuUAcTxznu9","Joel Corry, MNEK","Head & Heart (feat. MNEK)","Atlantic Records UK",33,82,104,"60973"
76,"spotify:track:0vWUhCPxpJOJR5urYbZypB","Purple Disco Machine, Sophie and the Giants","Hypnotized","Columbia Local",67,85,93,"60686"
77,"spotify:track:7ytR5pFWmSjzHJIeQkgog4","DaBaby, Roddy Ricch","ROCKSTAR (feat. Roddy Ricch)","South Coast Music Group/Interscope Records",4,89,243,"60614"
78,"spotify:track:49IzWufYtbt3tgUN8ORNe0","Aya Nakamura, OBOY","Préféré (feat. OBOY)","Rec. 118",3,74,33,"60413"
79,"spotify:track:4y4spB9m0Q6026KfkAvy9Q","Justin Bieber, benny blanco","Lonely (with benny blanco)","Friends Keep Secrets/Def Jam Recordings/Interscope Records",25,79,61,"60226"
80,"spotify:track:35K7XwUfrCfPZBnBgoaHc8","Jok'air","Elles ont trop joué avec mon coeur","Play Two",48,48,5,"59951"
81,"spotify:track:63IbwOjd3EhqKg3YWUZrFW","1PLIKÉ140","DOLCE VITA","140BRICKS",54,64,5,"59610"
82,"spotify:track:2Oycxb8QbPkpHTo8ZrmG0B","Miley Cyrus, Dua Lipa","Prisoner (feat. Dua Lipa)","RCA Records Label",62,81,26,"59034"
83,"spotify:track:75HWFzU6ewwvJkliCw37fM","Tayc","Comme toi","Play Two",23,50,14,"58900"
84,"spotify:track:3FMhzMn4vB32InnfA2DiEf","DJ Kayz, Niska","Monte le son","Juston Records",26,47,75,"57433"
85,"spotify:track:6d1nCbLfLPLl1mTqIzqwPc","Kalash Criminel, Damso","But en or","Sale Sonorité Records",6,90,61,"57241"
86,"spotify:track:0zLCBJZSiELJf02ucPP9wb","SAINt JHN, Imanbek","Roses - Imanbek Remix","Columbia/B1 Recordings",2,100,391,"56935"
87,"spotify:track:2kUZ4rtuMg2T9VKVqbUiIR","Zola","Wow","AWA",5,92,153,"56461"
88,"spotify:track:5ncpCHAq0EcL8RCFUqaQLG","Ninho","Privilège","Rec. 118",6,95,47,"56314"
89,"spotify:track:7yN9Qx1HtE4c1fhakBz8Ay","Damso","DEUX TOILES DE MER","Trente-quatre Centimes",2,102,90,"56115"
90,"spotify:track:5EjRTvSPOnwALpoMM6LkCI","Dinos","Paranoïaque","Universal Music Distribution Deal",5,84,19,"56027"
91,"spotify:track:2FRnf9qhLbvw8fu4IBXx78","Wham!","Last Christmas","Epic",2,105,67,"55981"
92,"spotify:track:4oLp7k4fINGrjuNxElKKGw","Ninho, 91 All Stars","La zone","Play Two",12,98,75,"55693"
93,"spotify:track:4EmLZvANhzJKh2Dt4k2GQK","Booba","5G","Tallac Records",1,99,41,"55509"
94,"spotify:track:4Nfak8iMF4kQfQ6Pa8Z79m","Maes, Jul","Dybala","Universal Music Division Capitol Music France",4,103,334,"55291"
95,"spotify:track:5aTIqsUQ6EZ2lpmsQop8dq","13 Block, Maes","Riina Toto (feat. Maes)","Elektra France",21,96,19,"55088"
96,"spotify:track:25zSTFc6kjuz9byE2Ec582","Zola, Leto","Ma jolie (feat. Leto)","AWA",2,94,26,"54989"
97,"spotify:track:7rM3myZkD0TIKkkFGiozGw","Gazo","TCHIN 2X","BSB PROD",91,91,4,"54954"
98,"spotify:track:5IDnEkOCdOp1F0XTAMG3Rk","1PLIKÉ140","LOPSA STORY","140BRICKS",76,83,5,"54543"
99,"spotify:track:1n4Ud9ZkZY5mA7QfIu53r8","Ninho","Problèmes du matin","Rec. 118",9,104,75,"54390"
100,"spotify:track:79s5XnCN4TJKTVMSmOx8Ep","Pop Smoke","Dior","Victor Victor Worldwide/Republic Records",52,109,234,"54185"
101,"spotify:track:6UelLqGlWMcVH1E5c4H7lY","Harry Styles","Watermelon Sugar","Columbia",22,113,193,"53906"
102,"spotify:track:7ey5InDMQqScxDUvF1r2pq","Kaza","J’aimerais tellement","Elektra France",58,106,54,"53901"
103,"spotify:track:3lTL4LdFKVF51lseI2nk5D","Naps, Ninho","6.3","Ok Many Industrie / 13Eme Art Music",1,108,300,"53607"
104,"spotify:track:626x9ykFfrXQmEeadnhr1f","Dinos","93 mesures","Universal Music Distribution Deal",8,101,19,"52969"
105,"spotify:track:4fW3EMRzAfj8aNMsF3zMwt","Booba, Zed","JAUNÉ","Tallac Records",1,119,219,"52880"
106,"spotify:track:5CFJRZRq6sdKKtRwNPWbYv","Kid Cudi, Skepta, Pop Smoke","Show Out (with Skepta & Pop Smoke)","Republic Records",50,87,5,"52777"
107,"spotify:track:6DPrYPPGYK218iVIZDix3i","Freeze corleone","Freeze Raël","Universal Music Division Virgin Records Distribution Deal",2,118,96,"52550"
108,"spotify:track:1Sb7QJRawbARgpMqyYNMkT","Maes, Ninho","Distant","Universal Music Division Capitol Music France",2,114,362,"52462"
109,"spotify:track:4iNPp0BZ4lBu7bipdWLcWk","Vitaa, Slimane","Avant toi","Universal Music Division Capitol Music France",16,123,354,"52221"
110,"spotify:track:5DH03Qs3SSG12TNUCSAzMi","Mac Tyer, Ninho","Moto","Untouchable",8,110,152,"52118"
111,"spotify:track:1Pmp486RrLRkaEkE3HFHXP","Ava Max","Who's Laughing Now","Atlantic Records",40,117,111,"51904"
112,"spotify:track:16YL2ZwjANhG2Pa2j51xcR","1PLIKÉ140","EST-CE QUE T’ASSUMES ?","140BRICKS",56,93,5,"51735"
113,"spotify:track:2BwQ6Qizq49QKAmcNgjNJL","Naza","Faut pardonner","Capricarolesque",22,116,33,"51220"
114,"spotify:track:6lhZLbb0czULpjb2kFryPS","David Guetta, Sia","Let's Love","Parlophone (France)",99,122,36,"51219"
115,"spotify:track:4TnFANpjVwVKWzkxNzIyFH","Gradur, Heuss L'enfoiré","Ne reviens pas","Universal Music Division Capitol Music France",1,126,390,"51166"
116,"spotify:track:7uoFMmxln0GPXQ0AcCBXRq","Sia","Snowman","Monkey Puzzle/Atlantic",49,132,8,"51101"
117,"spotify:track:1HbA4N1MiOsPthALesGFR1","Shawn Mendes, Justin Bieber","Monster (Shawn Mendes & Justin Bieber)","Shawn Mendes LP4-5 PS/ Island",74,115,26,"50775"
118,"spotify:track:00jdZMZMVMkt6FRHyRY2Z5","Alonzo, Imen Es","Dernière fois","Universal Music Distribution Deal",72,107,5,"50050"
119,"spotify:track:0OlE17VM4jDcmQb96RqxcX","Koba LaD, Ninho","Encore","Universal Music Division Capitol Music France",5,128,55,"50014"
120,"spotify:track:1Tqshmc0rnQPaIGJfRp2Da","Dennis Lloyd","Alien","Arista Records",55,111,110,"49803"
121,"spotify:track:7874pG5QpsM8VtX9HaRgia","Zola","Papillon","AWA",3,112,26,"49786"
122,"spotify:track:6IXC9VdQ03U13URwDvDi73","Ronisia","Atterrissage","Epic",56,121,87,"49723"
123,"spotify:track:7hCjc1qAwLR87Pk0Kf9wwM","KeBlack, Ninho","Je fais ma vie","Dayeden Musik",120,120,12,"49675"
124,"spotify:track:3Ns7GYmCWy4DLI3e6yRE5d","Hi_Tack, Steff da Campo, 71 Digits","Say Say Say (Waiting 4 U) - Steff da Campo & 71 Digits Radio Mix","Spinnin' Records",124,134,8,"49302"
125,"spotify:track:7s0TcSgr6VzxjJ4S9VuJc9","Ninho","Toutes les couleurs","Rec. 118",7,131,47,"49242"
126,"spotify:track:3FrbLRZXo94g9dnJzxQLNP","13 Block","Babi","Elektra France",31,124,26,"48984"
127,"spotify:track:4YcK0u6DgSg1jQqWYCXTBq","Aya Nakamura","La machine","Rec. 118",19,130,28,"48974"
128,"spotify:track:6yHVyMdC08djbP86mdkP3G","Ray Dalton","In My Bones","Epic Local",51,142,221,"48453"
129,"spotify:track:30KctD1WsHKTIYczXjip5a","Kid Cudi","Tequila Shots","Republic Records",49,97,5,"48323"
130,"spotify:track:2MlOUXmcofMackX3bxfSwi","Master KG, Nomcebo Zikode","Jerusalema (feat. Nomcebo Zikode)","Elektra France",19,143,149,"48264"
131,"spotify:track:2kUXqI4t2eLYqCh7Z8guP1","Amel Bent, Imen Es","Jusqu'au bout","Universal Music Division Capitol Music France",58,145,151,"47294"
132,"spotify:track:1RCBTBrZMvbtlqZeZH1nzT","47ter","Vivre","Label entrecôte",132,144,14,"47288"
133,"spotify:track:4WB9OeauHXnGOMUK4s80gM","Lomepal","Trop beau","Pineale Prod - Grand Musique Management",1,139,739,"47237"
134,"spotify:track:0TGWAVx4bRsr8ZRYQtUPDw","Dinos","Prends soin de toi","Universal Music Distribution Deal",6,125,19,"47074"
135,"spotify:track:6lFyZiSFL6KSXKm50uMgIm","Black Eyed Peas, Nicky Jam, Tyga, J. Rey Soul","VIDA LOCA","Universal Music Division Polydor",55,152,102,"47046"
136,"spotify:track:4Oun2ylbjFKMPTiaSbbCih","Cardi B, Megan Thee Stallion","WAP (feat. Megan Thee Stallion)","Atlantic/KSR",27,146,131,"46887"
137,"spotify:track:7Hw83BLJ3ulbvrT6Wdpdh4","Zola","Madame","AWA",11,136,26,"46275"
138,"spotify:track:525GY0mXYnxajolwgS8Eaz","Lucky Luke","Cooler Than Me","Columbia/B1 Recordings",15,150,167,"45986"
139,"spotify:track:6f3Slt0GbA2bPZlz0aIFXN","Tiësto","The Business","Atlantic Records",108,137,41,"45968"
140,"spotify:track:3H7ihDc1dqLriiWXwsc2po","Topic, A7S","Breaking Me","Virgin",12,151,258,"45812"
141,"spotify:track:1xQ6trAsedVPCdbtDAmk0c","Jawsh 685, Jason Derulo","Savage Love (Laxed - Siren Beat)","Columbia",5,166,176,"45536"
142,"spotify:track:2q0WpLA1TjeBL9Ok9Ot1Pr","Unité, Dadju, Soolking, Hatik, Imen Es","Unité","Play Two",47,86,25,"45423"
143,"spotify:track:11Mq1tJwmFOig3BXxjqcQr","Jul","Italia","D'Or et de Platine",2,148,181,"45409"
144,"spotify:track:417aTbQ5C3b0Gu3NEbIs9T","Dinos, DA Uzi","Maman m'aime","Universal Music Distribution Deal",7,133,19,"45365"
145,"spotify:track:6Im9k8u9iIzKMrmV7BWtlF","Ariana Grande","34+35","Republic Records",36,154,44,"45186"
146,"spotify:track:0CNXZ91xdVkbiVPtK4ezQd","13 Organisé, L'Algérino, Alonzo, Stone Black, Le Rat Luciano, SCH, Jul, As, Veazy","L'étoile sur le maillot","Rien 100 Rien",2,140,68,"45155"
147,"spotify:track:2tnVG71enUj33Ic2nFN6kZ","Regard","Ride It","Ministry of Sound Recordings",14,158,357,"44875"
148,"spotify:track:0ru41rBEzVgFlIB0KLNYeu","Dinos, Tayc","Je Wanda","Universal Music Distribution Deal",9,138,19,"43986"
149,"spotify:track:5KPnuRrT1y1fGf8HkKMUUO","Tom Gregory","Fingertips","B1 Recordings",56,171,217,"43815"
150,"spotify:track:6yEyXUuKsHa2byKddTnA6r","Ninho","Sur paname","Urban Street",27,149,47,"43628"
151,"spotify:track:2N9Ms8Xb9aQw63O5jKKM9b","PLK","C'est mort","Panenka Music",5,162,159,"43623"
152,"spotify:track:7qEHsqek33rTcFNT9PFqLf","Lewis Capaldi","Someone You Loved","Vertigo Berlin",24,169,541,"43523"
153,"spotify:track:4kqsT3yDyJr1KZ2AkM9qfD","Nekfeu, Nemir","Elle pleut","Universal Music Division Polydor",3,159,422,"43441"
154,"spotify:track:3qbcEoXA5OvwDffHxagalz","Alrima, Hatik","Jusqu'au bout (feat. Hatik)","Anubis",35,35,5,"43077"
155,"spotify:track:1NfhS4IBo7m6npwPNMkZbJ","Hornet La Frappe","Tourner la tête","Rec. 118",7,160,166,"42873"
156,"spotify:track:5AMrauYWppWRQghrh0UeLU","Dinos","Diptyque","Universal Music Distribution Deal",4,147,17,"42742"
157,"spotify:track:6rqbrigb1nPohkJe46OY7q","Kalash Criminel, Jul","Dans la zone","Sale Sonorité Records",20,155,26,"42459"
158,"spotify:track:1X0lsvYDH8JIvayo3bj5UQ","TK, Zaho","Du rêve","Rien 100 Rien",128,157,9,"42408"
159,"spotify:track:2VXeQ7moo4zfT6EFO3Cwse","Leto, PLK","Train de vie (feat. PLK)","Rec. 118",3,167,239,"42243"
160,"spotify:track:3bmz7e9Un3FQRIzXgHBXIG","Sofiane, SCH","American Airlines","Universal Music Division Capitol Music France",13,161,62,"42218"
161,"spotify:track:7k4t7uLgtOxPwTpFmtJNTY","KAROL G, Nicki Minaj","Tusa","TUSA - Karol G & Nicki Minaj",6,183,294,"41963"
162,"spotify:track:7hY4m8cDhkRPz3sSyJXN7z","Koba LaD, Freeze corleone","7 sur 7","Universal Music Division Capitol Music France",2,175,83,"41684"
163,"spotify:track:5wUAuEUF6Y0Nso2EFIngJB","1PLIKÉ140","DANS TON ENCEINTE","140BRICKS",65,135,5,"41587"
164,"spotify:track:3tagl5BZ17YgDkH5U3jkzw","Wejdene","Coco","Universal Music Division Virgin Records",4,174,119,"41568"
165,"spotify:track:4ZuuPLV4qYiznagLAFPHcW","47ter","Côte Ouest","Label entrecôte",5,176,511,"41136"
166,"spotify:track:3ki5NTNjfk4EXbesKr77Po","Dinos, Laylow","Ciel pleure","Universal Music Distribution Deal",14,168,17,"41038"
167,"spotify:track:5BfCoUcWNXcpyJfjXRIeyC","Heuss L'enfoiré, Jul","Moulaga","Midi Midi Production/150 Prod",2,182,357,"40972"
168,"spotify:track:2j1zAXTCj1Yzv4XtfuvbVg","Sasso","J'picole","Wagram Music / W Lab",106,172,85,"40499"
169,"spotify:track:5mFgfX2btmkTHUYe5kXcVU","Sifax, Sofiane","Mecs de cités","Universal Music Division Capitol Music France",18,180,187,"40079"
170,"spotify:track:3Uo7WG0vmLQ07WB4BDwy7D","Taylor Swift","willow","Taylor Swift",119,156,5,"40033"
171,"spotify:track:4MBexWMZQsB85CViyJB7UW","Hös Copperfield, Leto","Après la pluie","TTR / Allpoints",75,178,73,"39659"
172,"spotify:track:3RkKeT2ALw3OBUhFllxxjF","Kendji Girac, GIMS","Dernier métro","Universal Music Division Island Def Jam",115,186,55,"39554"
173,"spotify:track:2JzXBqTIVHYX43t7EcLyMs","SUPER-Hi, Neeka","Following the Sun","BLENDED",131,198,21,"39501"
174,"spotify:track:3ssMCCxyBDbHVXO6RRKEQ8","Tayc, Leto","Ride","Play Two",59,127,58,"39472"
175,"spotify:track:00ETaeHUQ6lops3oWU1Wrt","Kygo, Donna Summer","Hot Stuff","RCA Records Label",129,191,41,"39349"
176,"spotify:track:24IgCW19L8lXKyFZwzFtD3","Black Eyed Peas, Ozuna, J. Rey Soul","MAMACITA","Universal Music Division Polydor",6,-1,211,"39241"
177,"spotify:track:6as0Q9RFNCufcus0mzHoDs","GLK, Landy, DA Uzi, Hornet La Frappe","93% [Tijuana]","Universal Music Distribution Deal",11,194,385,"39140"
178,"spotify:track:1xzUQMiCoY5pdego0pHMeV","Kid Cudi","She Knows This","Republic Records",58,165,5,"39116"
179,"spotify:track:4NcJdWFnDzubpcG31CrDU1","Dinos","Demain n'existe plus","Universal Music Distribution Deal",13,170,17,"39033"
180,"spotify:track:13fE2ByvM128yaeSApxG0y","Green Montana, Booba","TOUT GACHER","Universal Music Division Capitol Music France",25,193,56,"38846"
181,"spotify:track:1KixkQVDUHggZMU9dUobgm","Ava Max","My Head & My Heart","Atlantic Records",181,190,3,"38694"
182,"spotify:track:17ljHF98J4bOroYIcQzE2l","Klem Schen","Message","KLEMLABEL",124,188,76,"38672"
183,"spotify:track:2u6Jm2klS4yvAlbSHlxUwI","Robin Schulz, Wes","Alane","WM Germany",14,-1,119,"38396"
184,"spotify:track:6ft4hAq6yde8jPZY2i5zLr","MEDUZA, Dermot Kennedy","Paradise (feat. Dermot Kennedy)","Universal-Island Records Ltd.",169,199,10,"38286"
185,"spotify:track:0nbXyq5TXYPCO7pr3N8S4I","Roddy Ricch","The Box","Atlantic Records",3,192,311,"38276"
186,"spotify:track:5lCxlSBFyP5g4EhVypAoOu","PNL","Au DD","QLF Records",1,-1,563,"37933"
187,"spotify:track:5lK9Z8Olm5QKXt29LWDG6M","Aya Nakamura","Fly","Rec. 118",8,187,30,"37899"
188,"spotify:track:1kYjNPTvZ8G68dYTkG3BqD","Julien Doré","Nous","Columbia",150,-1,3,"37891"
189,"spotify:track:4zfih9sHVVJMb0f7LRoAz8","Jul","Sousou","D'Or et de Platine",2,189,245,"37796"
190,"spotify:track:0zehnMnrIcZrl23McnKDMc","Kaza","HRTBRK #2","Elektra France",72,197,281,"37756"
191,"spotify:track:0Bn0FdRa1qGWfjxF9l400U","Wejdene","Anissa","Universal Music Division Virgin Records",3,-1,208,"37470"
192,"spotify:track:5hzg9p5zoHldX1O9v8qJor","Djadja & Dinaz","Féfé lambo","Carré music",35,200,124,"37092"
193,"spotify:track:7eJMfftS33KTjuF7lTsMCx","Powfu, beabadoobee","death bed (coffee for your head)","Columbia",12,-1,264,"37042"
194,"spotify:track:2PYXOG6GdxF9sUIH2NfOAD","Nekfeu, Vanessa Paradis","Dans l'univers","Universal Music Division Polydor",2,-1,462,"36825"
195,"spotify:track:2r6OAV3WsYtXuXjvJ1lIDi","Pop Smoke, A Boogie Wit da Hoodie","Hello (feat. A Boogie Wit da Hoodie)","Victor Victor Worldwide",195,-1,2,"36708"
196,"spotify:track:6OQdNlyLiYMmAJ9ZEdUmal","Lefa, SCH","Smile (feat. SCH)","2L MUSIC",34,-1,144,"36697"
197,"spotify:track:6gBFPUFcJLzWGx4lenP6h2","Travis Scott","goosebumps","Epic/Grand Hustle",8,-1,202,"36558"
198,"spotify:track:7C7GtWZmyicqjBDbAWPsCp","Nekfeu, Damso","Tricheur","Universal Music Division Polydor",1,-1,479,"36346"
199,"spotify:track:1uBDI5Cb5GGrdGYgSKjOBd","GIMS, Heuss L'enfoiré","SICARIO (feat. Heuss l'Enfoiré)","Play Two",22,129,10,"36199"
200,"spotify:track:0lizgQ7Qw35od7CYaoMBZb","Ariana Grande","Santa Tell Me","Universal Records",6,-1,39,"36167"
